Project_Name,Neighborhood,Zip Code,TtlProjUnits,RentUnits,OwnUnits,TtlMarket,MarketRent,MarketOwn,Total Income-Restricted,Income-Restricted Rental,Income-Restricted Ownership,Tenure,Public/ Private,Includes Senior Units?,Section 8
Abbot Street/ Shawmut Ave,roxbury,2119.0,16,16,0,0.0,0.0,0.0,16,16,0.0,Rental,Private,,
Academy Homes I,roxbury,2119.0,202,202,0,52.0,52.0,0.0,150,150,0.0,Rental,Private,,
Academy Homes II,roxbury,2119.0,236,236,0,0.0,0.0,0.0,236,236,0.0,Rental,Private,,Y
Adams Templeton Elderly Housing,dorchester,2124.0,76,76,0,1.0,1.0,0.0,75,75,0.0,Rental,Private,Y,Y
Alexander-Magnolia,dorchester,2125.0,40,40,0,2.0,2.0,0.0,38,38,0.0,Rental,Private,,
Alleyne (VUP) CDFI,roxbury,2121.0,3,2,1,1.0,0.0,1.0,2,2,0.0,Ownership/Rental,Private,,
Amiff Housing,dorchester,2124.0,96,96,0,0.0,0.0,0.0,96,96,0.0,Rental,Private,,Y
Andrade (VUP),dorchester,2122.0,3,2,1,1.0,0.0,1.0,2,2,0.0,Ownership/Rental,Private,,
Annapolis (2-27),dorchester,2125.0,56,56,0,0.0,0.0,0.0,56,56,0.0,Rental,Public,Y,
Ashmont (2-28),dorchester,2124.0,54,54,0,0.0,0.0,0.0,54,54,0.0,Rental,Public,Y,
Ashmont TOD (Housing),dorchester,2124.0,116,74,42,42.0,0.0,42.0,74,74,0.0,Rental,Private,,
Bailey (VUP),roxbury,2121.0,1,1,0,0.0,0.0,0.0,1,1,0.0,Rental,Private,,
Balina Place at Norfolk St/Habitat,dorchester,2124.0,3,0,3,0.0,0.0,0.0,3,0,3.0,Ownership,Private,,
Baptista (VUP),dorchester,2125.0,1,1,0,0.0,0.0,0.0,1,1,0.0,Rental,Private,,
Bartlett Place Building E,roxbury,2119.0,16,0,16,14.0,0.0,14.0,2,0,2.0,Ownership,Private,,
Bartlett Place/Building B,roxbury,2119.0,60,0,60,22.0,22.0,0.0,38,38,0.0,Rental,Private,,
Bay Cove Group Homes IV,dorchester,2125.0,9,9,0,1.0,1.0,0.0,8,8,0.0,Rental,Private,,
BCN Properties,roxbury,2119.0,53,53,0,0.0,0.0,0.0,53,53,0.0,Rental,Private,,Y
Beasley (VUP),dorchester,2121.0,2,1,1,1.0,0.0,1.0,1,1,0.0,Ownership/Rental,Private,,
Bellflower (2-77),dorchester,2125.0,114,114,0,0.0,0.0,0.0,114,114,0.0,Rental,Public,Y,
Beryl Gardens,roxbury,2119.0,20,20,0,0.0,0.0,0.0,20,20,0.0,Rental,Private,,
BHA Infill 1A - Quincy Geneva,roxbury,2121.0,18,0,18,0.0,0.0,0.0,18,0,18.0,Ownership,Private,,
BHA Infill 1B - Codman Square NDC,dorchester,2124.0,2,0,2,0.0,0.0,0.0,2,0,2.0,Ownership,Private,,
BHA Infill 2 - Urban Edge,roxbury,2119.0,15,5,10,0.0,0.0,0.0,15,5,10.0,Ownership/Rental,Private,,
BHA Infill 3 - Nuestra,roxbury,2119.0,10,4,6,0.0,0.0,0.0,10,4,6.0,Ownership/Rental,Private,,
BHP Codman Square,dorchester,2124.0,80,80,0,0.0,0.0,0.0,80,80,0.0,Rental,Private,,
BHP Fields Corner,dorchester,2122.0,77,77,0,0.0,0.0,0.0,77,77,0.0,Rental,Private,,Y
BHP Lena Park,dorchester,2121.0,93,93,0,0.0,0.0,0.0,93,93,0.0,Rental,Private,,
BHP Quincy-Geneva,roxbury,2121.0,49,49,0,0.0,0.0,0.0,49,49,0.0,Rental,Private,,Y
BHP Westland Ave,fenway,2115.0,20,20,0,5.0,5.0,0.0,15,15,0.0,Rental,Private,,
Bird St. Estates,roxbury,2125.0,8,1,7,0.0,0.0,0.0,8,1,7.0,Ownership/Rental,Private,,
Blandino Farms,dorchester,2124.0,16,0,16,14.0,0.0,14.0,2,0,2.0,Ownership,Private,,
Bloomfield Gardens,dorchester,2124.0,27,27,0,0.0,0.0,0.0,27,27,0.0,Rental,Private,,
Blue Hill Commons,roxbury,2119.0,8,1,7,0.0,0.0,0.0,8,1,7.0,Ownership/Rental,Private,,
Blue Mountain Assoc.,roxbury,2121.0,217,217,0,0.0,0.0,0.0,217,217,0.0,Rental,Private,,Y
Boston Rehab,fenway,2115.0,144,144,0,0.0,0.0,0.0,144,144,0.0,Rental,Private,Y,Y
Boston's Hope in Dorchester,dorchester,2124.0,41,41,0,0.0,0.0,0.0,41,41,0.0,Rental,Private,Y,
Bowdoin Geneva Phase III (HOME AGAIN),dorchester,2122.0,20,2,18,0.0,0.0,0.0,20,2,18.0,Ownership/Rental,Private,,
Bowdoin/Geneva - HOME AGAIN,dorchester,2125.0,7,0,7,0.0,0.0,0.0,7,0,7.0,Ownership,Private,,
Bowdoin/Geneva (Phase II),dorchester,2125.0,10,5,5,2.0,1.0,1.0,8,4,4.0,Ownership/Rental,Private,,
Bowdoin-Geneva & Dudley FTHB,dorchester,2125.0,3,2,1,0.0,0.0,0.0,3,2,1.0,Ownership/Rental,Private,,
Bowdoin-Geneva & Dudley Rental,roxbury,2119.0,3,3,0,0.0,0.0,0.0,3,3,0.0,Rental,Private,,
Bowen (VUP),dorchester,2124.0,2,1,1,1.0,0.0,1.0,1,1,0.0,Ownership/Rental,Private,,
Boylston West (Fenway Triangle Mixed Use),fenway,2215.0,172,172,0,159.0,159.0,0.0,13,13,0.0,Rental,Private,,
Bradford Estates,dorchester,2124.0,24,0,24,0.0,0.0,0.0,24,0,24.0,Ownership,Private,,
Bradlee-Fowler,dorchester,2124.0,3,1,2,0.0,0.0,0.0,3,1,2.0,Ownership/Rental,Private,,
Braxton (VUP),dorchester,2121.0,2,1,1,1.0,0.0,1.0,1,1,0.0,Ownership/Rental,Private,,
Brook Avenue Cooperative,roxbury,2119.0,36,36,0,0.0,0.0,0.0,36,36,0.0,Cooperative,Private,,
"Brookford, Dalin and Dean St. Homes (Julian Phase 2 HOME AGAIN)",roxbury,2125.0,18,1,17,0.0,0.0,0.0,18,1,17.0,Ownership/Rental,Private,,
Brookview House,dorchester,2124.0,8,8,0,0.0,0.0,0.0,8,8,0.0,Rental,Private,,
Brookview House II,dorchester,2124.0,12,12,0,0.0,0.0,0.0,12,12,0.0,Rental,Private,,
Brookview House III,dorchester,2124.0,12,12,0,0.0,0.0,0.0,12,12,0.0,Rental,Private,,
Brown (VUP),dorchester,2121.0,3,2,1,1.0,0.0,1.0,2,2,0.0,Ownership/Rental,Private,,
"Brown, J & D (VUP)",roxbury,2121.0,1,1,0,0.0,0.0,0.0,1,1,0.0,Rental,Private,,
Brown-Kaplan Townhomes,dorchester,2124.0,60,60,0,0.0,0.0,0.0,53,53,0.0,Rental,Private,,Y
Brunswick Street,dorchester,2121.0,3,3,0,0.0,0.0,0.0,3,3,0.0,Rental,Private,,
Buckminster Hotel,fenway,2215.0,18,18,0,16.0,16.0,0.0,2,2,0.0,Rental,Private,,
Buildable Lots - Codman Square,dorchester,,6,0,6,1.0,0.0,1.0,5,0,5.0,Ownership,Private,,
Buildable Lots - Ferndale,dorchester,2124.0,12,0,12,3.0,0.0,3.0,9,0,9.0,Ownership,Private,,
Buildable Lots - Uphams,dorchester,,6,0,6,0.0,0.0,0.0,6,0,6.0,Ownership,Private,,
Buildable Lots- 1&2,dorchester,2124.0,15,0,15,6.0,0.0,6.0,9,0,9.0,Ownership,Private,,
Buildable Lots- 3&4,dorchester,,18,0,18,8.0,0.0,8.0,10,0,10.0,Ownership,Private,,
Buildable Lots- 5,dorchester,2124.0,9,0,9,0.0,0.0,0.0,9,0,9.0,Ownership,Private,,
Burbank Gardens,fenway,2115.0,52,52,0,0.0,0.0,0.0,52,52,0.0,Rental,Private,,Y
Burton Apts (18u),roxbury,2120.0,18,18,0,0.0,0.0,0.0,18,18,0.0,Rental,Private,,Y
Burton-Dudley,roxbury,2119.0,16,16,0,0.0,0.0,0.0,16,16,0.0,Rental,Private,,
Callender|Floyd|Stratton NHI 1,dorchester,2124.0,2,1,1,0.0,0.0,0.0,2,1,1.0,Ownership/Rental,Private,,
Callender|Floyd|Stratton NHI 2,dorchester,2124.0,2,1,1,0.0,0.0,0.0,2,1,1.0,Ownership/Rental,Private,,
Callender|Floyd|Stratton NHI 3,dorchester,2124.0,1,0,1,0.0,0.0,0.0,1,0,1.0,Ownership,Private,,
Callender|Floyd|Stratton NHI 6,dorchester,2124.0,1,0,1,0.0,0.0,0.0,1,0,1.0,Ownership,Private,,
Callender|Floyd|Stratton NHI 7,dorchester,2124.0,2,1,1,0.0,0.0,0.0,2,1,1.0,Ownership,Private,,
Callender|Floyd|Stratton NHI 9,dorchester,2124.0,1,0,1,0.0,0.0,0.0,1,0,1.0,Ownership,Private,,
Callender|Tucker NHI 1,dorchester,2124.0,2,1,1,0.0,0.0,0.0,2,1,1.0,Ownership,Private,,
Callender|Tucker NHI 2,dorchester,2124.0,2,1,1,0.0,0.0,0.0,2,1,1.0,Ownership/Rental,Private,,
Callender|Tucker NHI 3,dorchester,2124.0,2,1,1,0.0,0.0,0.0,2,1,1.0,Ownership,Private,,
Callender|Tucker NHI 4,dorchester,2124.0,2,1,1,0.0,0.0,0.0,2,1,1.0,Ownership,Private,,
Camden Street (200-2),roxbury,2118.0,72,72,0,0.0,0.0,0.0,72,72,0.0,Rental,Public,,
Camfield Gardens,roxbury,2118.0,102,102,0,0.0,0.0,0.0,102,102,0.0,Rental,Private,,Y
Capen Green,dorchester,2124.0,18,0,18,0.0,0.0,0.0,18,0,18.0,Ownership,Private,,
Cardinal Medeiros Manor,roxbury,2125.0,54,54,0,0.0,0.0,0.0,54,54,0.0,Rental,Private,Y,Y
Caritas Centre St,dorchester,2122.0,12,12,0,0.0,0.0,0.0,12,12,0.0,Rental,Private,,
Caritas Centre St. II,dorchester,2124.0,11,11,0,0.0,0.0,0.0,11,11,0.0,Rental,Private,,
Caritas SRO Refinance,dorchester,2125.0,24,24,0,0.0,0.0,0.0,24,24,0.0,Rental,Private,,
Carroll (VUP),roxbury,2125.0,2,1,1,1.0,0.0,1.0,1,1,0.0,Ownership/Rental,Private,,
Carvalho (VUP),dorchester,2122.0,2,2,0,0.0,0.0,0.0,2,2,0.0,Rental,Private,,
Cary Cottage,roxbury,2119.0,10,10,0,0.0,0.0,0.0,10,10,0.0,Rental,Private,,
Casa Familias Unidas,roxbury,2119.0,9,9,0,0.0,0.0,0.0,9,9,0.0,Rental,Private,,
Cass House,roxbury,2121.0,111,111,0,0.0,0.0,0.0,111,111,0.0,Rental,Private,,
Central Boston Elder Services,roxbury,2119.0,57,57,0,0.0,0.0,0.0,57,57,0.0,Rental,Private,Y,
Ceylon Field Apts (orig p/o Parkchester 98u),dorchester,2121.0,66,66,0,0.0,0.0,0.0,66,66,0.0,Rental,Private,,
Chaisson (VUP),dorchester,2125.0,2,1,1,1.0,0.0,1.0,1,1,0.0,Ownership/Rental,Private,,
Charlame Park Homes 2A&B,roxbury,2121.0,41,41,0,0.0,0.0,0.0,41,41,0.0,Rental,Private,Y,Y
Charlame Park Homes I,roxbury,2119.0,92,92,0,0.0,0.0,0.0,92,92,0.0,Rental,Private,,Y
Church St SRO,dorchester,2122.0,12,12,0,0.0,0.0,0.0,12,12,0.0,Rental,Private,,
Codman Commons,dorchester,2124.0,28,0,28,11.0,0.0,11.0,17,0,17.0,Ownership,Private,,
Codman Square Apts (2-51),dorchester,2124.0,102,102,0,0.0,0.0,0.0,102,102,0.0,Rental,Public,Y,
Columbia Road/Lighthouse,dorchester,2125.0,4,4,0,0.0,0.0,0.0,4,4,0.0,Rental,Private,,
Columbia West,dorchester,2125.0,57,57,0,0.0,0.0,0.0,57,57,0.0,Rental,Private,,
Columbia-Wood Apartments,dorchester,2121.0,49,49,0,1.0,1.0,0.0,48,48,0.0,Rental,Private,,Y
Cottage Brook Apartments,roxbury,2125.0,147,147,0,0.0,0.0,0.0,147,147,0.0,Rental,Private,,Y
Council of Elders,roxbury,2119.0,145,145,0,1.0,1.0,0.0,144,144,0.0,Rental,Private,Y,Y
Courtyard at Cedar Grove,dorchester,2124.0,18,0,18,16.0,0.0,16.0,2,0,2.0,Ownership,Private,,
Cox Building,roxbury,2119.0,31,31,0,0.0,0.0,0.0,31,31,0.0,Rental,Private,,Y
Crawford House Apts,roxbury,2121.0,9,9,0,0.0,0.0,0.0,9,9,0.0,Rental,Private,,Y
Crawford Street Lodging House,roxbury,2121.0,17,17,0,0.0,0.0,0.0,17,17,0.0,Rental - Supportive,Private,,
Dacia Residence at Beauford Green,roxbury,2125.0,29,0,29,0.0,0.0,0.0,29,0,29.0,Ownership,Private,,
Danube Apartments,dorchester,2121.0,65,65,0,0.0,0.0,0.0,65,65,0.0,Rental,Private,,Y
DaRosa (VUP),dorchester,2122.0,1,1,0,0.0,0.0,0.0,1,1,0.0,Rental,Private,,
DARTMOUTH TCB,roxbury,2118.0,83,83,0,0.0,0.0,0.0,83,83,0.0,Rental,Private,,
Davenport Commons,roxbury,2120.0,60,0,60,48.0,0.0,48.0,12,0,12.0,Ownership,Private,,
Davis (VUP),roxbury,2125.0,2,2,0,0.0,0.0,0.0,2,2,0.0,Rental,Private,,
Dillon (VUP),dorchester,2122.0,2,1,1,1.0,0.0,1.0,1,1,0.0,Ownership/Rental,Private,,
Ditson St Senior Housing,dorchester,2122.0,40,40,0,0.0,0.0,0.0,40,40,0.0,Rental,Private,Y,
DNA Lofts,dorchester,2125.0,59,0,59,51.0,0.0,51.0,8,0,8.0,Ownership,Private,,
Domicilia I & II,dorchester,2122.0,10,10,0,0.0,0.0,0.0,10,10,0.0,Rental,Private,Y,Y
Dorchester House,dorchester,2122.0,91,91,0,0.0,0.0,0.0,91,91,0.0,Rental,Private,Y,Y
Douglas Park,roxbury,2118.0,166,166,0,36.0,36.0,0.0,130,130,0.0,Rental,Private,,
Drayton Homes,dorchester,2125.0,12,0,12,0.0,0.0,0.0,12,0,12.0,Ownership,Private,,
Dudley Greenville,roxbury,2119.0,43,43,0,0.0,0.0,0.0,43,43,0.0,Rental,Private,,
Dudley Street Apts,roxbury,2119.0,26,26,0,0.0,0.0,0.0,26,26,0.0,Rental,Private,,
Dudley Terrace,dorchester,2125.0,56,56,0,2.0,2.0,0.0,54,54,0.0,Rental,Private,,
Dudley Village Phase I (North),dorchester,2125.0,24,24,0,0.0,0.0,0.0,24,24,0.0,Rental,Private,,
Dudley Village Phase II (South),dorchester,2125.0,26,26,0,0.0,0.0,0.0,26,26,0.0,Rental,Private,,
Dumas|Mascot Neighborhood Homes,dorchester,2124.0,7,3,4,2.0,1.0,1.0,5,2,3.0,Ownership/Rental,Private,,
Dunmore Place,roxbury,2119.0,6,6,0,0.0,0.0,0.0,6,6,0.0,Rental,Private,,
Edison Green,dorchester,2125.0,95,95,0,1.0,1.0,0.0,94,94,0.0,Rental,Private,Y,Y
Edson|Peacevale NHI,dorchester,2124.0,1,0,1,0.0,0.0,0.0,1,0,1.0,Ownership,Private,,
Edson|Peacevale NHI (30 Milton),dorchester,2124.0,1,0,1,0.0,0.0,0.0,1,0,1.0,Rental,Private,,
Edward Everett Square,dorchester,2125.0,6,0,6,4.0,0.0,4.0,2,0,2.0,Ownership,Private,,
Egleston Crossing,roxbury,2119.0,64,64,0,1.0,1.0,0.0,63,63,0.0,Rental,Private,,
Elizabeth Stone House - Washington Westminster,roxbury,2119.0,32,32,0,0.0,0.0,0.0,32,32,0.0,Rental,Private,,
Elm Hill/Seaver St Conversion,roxbury,2121.0,18,18,0,15.0,15.0,0.0,3,3,0.0,Rental,Private,,
Epps (VUP),dorchester,2121.0,2,1,1,1.0,0.0,1.0,1,1,0.0,Ownership/Rental,Private,,
Erie-Ellington Homes,dorchester,2121.0,100,100,0,0.0,0.0,0.0,100,100,0.0,Rental,Private,,
Esperanza Walnut,roxbury,2119.0,42,42,0,0.0,0.0,0.0,42,42,0.0,Rental,Private,,Y
Fairfield Properties,roxbury,2119.0,30,30,0,0.0,0.0,0.0,30,30,0.0,Rental,Private,,
Fensgate Coop,fenway,2115.0,46,46,0,0.0,0.0,0.0,46,46,0.0,Cooperative,Private,,
Fenway Center Phase 1/Buildings 1 & 2,fenway,2215.0,316,316,0,289.0,289.0,0.0,27,27,0.0,Rental,Private,,
Fenway Condominiums,fenway,2115.0,55,55,0,33.0,33.0,0.0,22,22,0.0,Rental,Private,,
Fenway Condos,fenway,2215.0,3,0,3,0.0,0.0,0.0,3,0,3.0,Ownership,Private,,
Fenwick Gardens - Home Again,dorchester,2125.0,15,1,14,0.0,0.0,0.0,15,1,14.0,Ownership/Rental,Private,,
Fernald State School (689-?),dorchester,2125.0,8,8,0,0.0,0.0,0.0,8,8,0.0,Rental,Public,,
Fieldstone Apartments,dorchester,2124.0,84,84,0,0.0,0.0,0.0,84,84,0.0,Rental,Private,,Y
Forest|Vine NHI 1,roxbury,2119.0,5,2,3,0.0,0.0,0.0,5,2,3.0,Ownership/Rental,Private,,
Forest|Vine NHI 2,roxbury,2119.0,3,0,3,0.0,0.0,0.0,3,0,3.0,Ownership,Private,,
Fort Hill Gardens,roxbury,2119.0,40,40,0,0.0,0.0,0.0,40,40,0.0,Rental,Private,,Y
Foster (VUP),roxbury,2121.0,2,1,1,1.0,0.0,1.0,1,1,0.0,Ownership/Rental,Private,,
Fountain Hill,roxbury,2119.0,46,0,46,26.0,0.0,26.0,20,0,20.0,Ownership,Private,,
Four Corners/Washington,dorchester,2121.0,35,35,0,0.0,0.0,0.0,35,35,0.0,Rental,Private,,
Fox Hall,dorchester,2125.0,15,15,0,0.0,0.0,0.0,15,15,0.0,Rental,Private,,
"Franklin Field Family (2-89A,90-93)",dorchester,2124.0,346,346,0,0.0,0.0,0.0,346,346,0.0,Rental,Public,Y,
Franklin Field South/Highland Pk Estates,dorchester,2124.0,22,4,18,0.0,0.0,0.0,22,4,18.0,Ownership/Rental,Private,,
Franklin Fld South II - HOME AGAIN,dorchester,2124.0,23,1,22,0.0,0.0,0.0,23,1,22.0,Ownership/Rental,Private,,
Franklin Hill (2-9),dorchester,2124.0,365,365,0,0.0,0.0,0.0,365,365,0.0,Rental,Private,,
Franklin Park Apts,dorchester,2121.0,220,220,0,0.0,0.0,0.0,220,220,0.0,Rental,Private,,Y
Franklin Park I,roxbury,2121.0,270,270,0,0.0,0.0,0.0,270,270,0.0,Rental,Private,,Y
Franklin Park II,roxbury,2121.0,136,136,0,0.0,0.0,0.0,136,136,0.0,Rental,Private,,
Gardner Crawford Thane,roxbury,2119.0,49,49,0,0.0,0.0,0.0,49,49,0.0,Rental,Private,,Y
"GARDNER, CRAWFORD, THANE",roxbury,2119.0,64,64,0,0.0,0.0,0.0,64,64,0.0,Rental,Private,,
Garrison Trotter Phase I - HOME AGAIN,roxbury,2121.0,18,2,16,6.0,0.0,6.0,12,2,10.0,Ownership/Rental,Private,,
Geneva Apartments,dorchester,2121.0,47,47,0,0.0,0.0,0.0,47,47,0.0,Rental,Private,,Y
Geneva Ave 202 - Pine Street,dorchester,2121.0,11,11,0,1.0,1.0,0.0,10,10,0.0,Rental,Private,Y,
Geneva Avenue Elderly Housing,dorchester,2121.0,45,45,0,0.0,0.0,0.0,45,45,0.0,Rental,Private,Y,
Gleason Street MIHI Package 2,dorchester,2121.0,8,8,0,0.0,0.0,0.0,8,8,0.0,Rental,Private,,
Glenway|Roxton NHI,dorchester,2121.0,6,3,3,0.0,0.0,0.0,6,3,3.0,Ownership/Rental,Private,,
Gomes (VUP),dorchester,2124.0,1,1,0,0.0,0.0,0.0,1,1,0.0,Rental,Private,,
Grand families,dorchester,2124.0,27,27,0,1.0,1.0,0.0,26,26,0.0,Rental,Private,,
Granite 1B:VBC Apts.-Blue Hill,roxbury,2121.0,30,30,0,0.0,0.0,0.0,30,30,0.0,Rental,Private,,Y
Granite 3-Blue Hill,roxbury,2121.0,148,148,0,0.0,0.0,0.0,148,148,0.0,Rental,Private,,Y
Granite 4B,roxbury,2121.0,141,141,0,0.0,0.0,0.0,141,141,0.0,Rental,Private,,Y
Granite-Dorchester Bay,dorchester,2125.0,134,134,0,0.0,0.0,0.0,134,134,0.0,Rental,Private,,Y
Granite-Fields Corner,dorchester,2121.0,67,67,0,0.0,0.0,0.0,67,67,0.0,Rental,Private,,Y
Granite-La Concha/Nuestra,roxbury,2119.0,97,97,0,0.0,0.0,0.0,97,97,0.0,Rental,Private,,Y
Granite-Lena Park,dorchester,2121.0,143,143,0,0.0,0.0,0.0,143,143,0.0,Rental,Private,,Y
Granite-Quincy-Geneva,dorchester,2121.0,94,94,0,0.0,0.0,0.0,94,94,0.0,Rental,Private,,Y
Granite-Walnut Washington,roxbury,2119.0,65,65,0,0.0,0.0,0.0,65,65,0.0,Rental,Private,,Y
Granite-Washington Columbia I,dorchester,2121.0,326,326,0,0.0,0.0,0.0,326,326,0.0,Rental,Private,,Y
Grant Manor Apartments,roxbury,2118.0,179,179,0,0.0,0.0,0.0,179,179,0.0,Rental,Private,,Y
Green (VUP),dorchester,2121.0,2,1,1,1.0,0.0,1.0,1,1,0.0,Ownership/Rental,Private,,
Green (VUP) CDFI,dorchester,2121.0,2,1,1,1.0,0.0,1.0,1,1,0.0,Ownership/Rental,Private,,
Grove Hall Apts,dorchester,2121.0,104,104,0,0.0,0.0,0.0,104,104,0.0,Rental,Private,,Y
Habitat Arrowhead Site (REMS Land),dorchester,2121.0,19,0,19,0.0,0.0,0.0,19,0,19.0,Ownership,Private,,
Habitat Balina Pl,dorchester,2124.0,2,0,2,0.0,0.0,0.0,2,0,2.0,Ownership,Private,,
Habitat Fairland St,roxbury,2119.0,3,0,3,0.0,0.0,0.0,3,0,3.0,Ownership,Private,,
Habitat Regent Street,roxbury,2119.0,6,0,6,0.0,0.0,0.0,6,0,6.0,Ownership,Private,,
Habitat Woodbine St,roxbury,2119.0,2,1,1,0.0,0.0,0.0,2,1,1.0,Ownership/Rental,Private,,
Habitat-Woodville Street,roxbury,2119.0,4,0,4,0.0,0.0,0.0,4,0,4.0,Ownership,Private,,
Hamilton St Studios/Pine Street,dorchester,2125.0,52,52,0,0.0,0.0,0.0,52,52,0.0,Rental,Private,?,
Hammond Street,roxbury,2120.0,14,14,0,0.0,0.0,0.0,14,14,0.0,Rental,Private,,
Hampton House (2-44B),roxbury,2118.0,78,78,0,0.0,0.0,0.0,78,78,0.0,Rental,Public,Y,
Haraska (VUP),dorchester,2122.0,2,1,1,1.0,0.0,1.0,1,1,0.0,Ownership/Rental,Private,,
Harbor Point,dorchester,2125.0,350,350,0,0.0,0.0,0.0,350,350,0.0,Rental,Private,Y,Y
Hargrove (VUP),roxbury,2119.0,3,2,1,1.0,0.0,1.0,2,2,0.0,Ownership/Rental,Private,,
Hartford Manor,roxbury,2125.0,18,18,0,0.0,0.0,0.0,18,18,0.0,Rental,Private,,
Hartwell Terrace,roxbury,2121.0,17,17,0,0.0,0.0,0.0,17,17,0.0,Rental,Private,Y,Y
Harvard Commons Coop,dorchester,2124.0,45,45,0,0.0,0.0,0.0,45,45,0.0,Rental,Private,,
Hazel Parks,dorchester,2124.0,48,0,48,0.0,0.0,0.0,48,0,48.0,Ownership,Private,,
Hearth at 4-Corners,dorchester,2121.0,54,54,0,0.0,0.0,0.0,54,54,0.0,Rental,Private,,
Hearth at Olmsted Green,dorchester,2124.0,59,59,0,0.0,0.0,0.0,59,59,0.0,Rental,Private,,
Hemenway Apartments,fenway,2115.0,183,183,0,0.0,0.0,0.0,183,183,0.0,Rental,Private,Y,Y
Highland Homes at Fort Hill - Home Again,roxbury,2119.0,18,0,18,4.0,0.0,4.0,14,0,14.0,Ownership,Private,,
Highland House,roxbury,2119.0,14,14,0,0.0,0.0,0.0,14,14,0.0,Rental,Private,,
Highland Park (2-89B),roxbury,2119.0,26,26,0,0.0,0.0,0.0,26,26,0.0,Rental,Public,,
Highland Park Estates - Home Again,roxbury,2119.0,6,1,5,0.0,0.0,0.0,6,1,5.0,Ownership/Rental,Private,,
Highland Park II (Affordable),roxbury,2119.0,11,1,10,3.0,0.0,3.0,8,1,7.0,Ownership/Rental,Private,,
Hoffman (VUP) CDFI,dorchester,2124.0,2,1,1,1.0,0.0,1.0,1,1,0.0,Ownership/Rental,Private,,
Holgate Apartments (2-29),roxbury,2120.0,81,81,0,1.0,1.0,0.0,80,80,0.0,Rental,Public,Y,
Holmes (VUP),dorchester,2121.0,2,2,0,1.0,1.0,0.0,1,1,0.0,Rental,Private,,
Homestead House,roxbury,2121.0,6,6,0,1.0,1.0,0.0,5,5,0.0,Rental,Private,,
Hope House (SPO) (Production),roxbury,2119.0,102,102,0,0.0,0.0,0.0,102,102,0.0,Rental,Private,,
Hope House II,dorchester,2125.0,24,24,0,0.0,0.0,0.0,24,24,0.0,Rental,Private,,
Hopkins-Capen-Mountain-Fuller,dorchester,2124.0,9,5,4,0.0,0.0,0.0,9,5,4.0,Ownership/Rental,Private,,
Howard Dacia Homes,roxbury,2125.0,26,26,0,0.0,0.0,0.0,26,26,0.0,Rental,Private,,
Howard/Woodward/Dean,roxbury,2125.0,9,0,9,0.0,0.0,0.0,9,0,9.0,Ownership,Private,,
Hub 25,dorchester,2124.0,278,278,0,242.0,242.0,0.0,36,36,0.0,Rental,Private,,
Humboldt Avenue Apts,roxbury,2119.0,20,20,0,0.0,0.0,0.0,20,20,0.0,Rental,Private,,
Humphreys St Housing Homeownership,dorchester,2125.0,7,0,7,0.0,0.0,0.0,7,0,7.0,Ownership,Private,,
Humphreys St Housing Rental,dorchester,2125.0,11,11,0,0.0,0.0,0.0,11,11,0.0,Rental,Private,,
Humphreys Street Homeowner,dorchester,2125.0,7,0,7,0.0,0.0,0.0,7,0,7.0,Ownership,Private,,
Hunt (VUP),dorchester,2121.0,2,2,0,0.0,0.0,0.0,2,2,0.0,Rental,Private,,
Huntington House,fenway,2115.0,88,88,0,0.0,0.0,0.0,88,88,0.0,Rental,Public,,
Hurley (VUP),dorchester,2122.0,2,1,1,1.0,0.0,1.0,1,1,0.0,Ownership/Rental,Private,,
Indigo Block (Rental),dorchester,2125.0,80,80,0,0.0,0.0,0.0,80,80,0.0,Rental,Private,,
Infill Apartments,roxbury,2119.0,13,13,0,0.0,0.0,0.0,13,13,0.0,Rental,Private,,
Infill Colaborative,roxbury,2120.0,4,0,4,3.0,0.0,3.0,1,0,1.0,Ownership,Private,,
Infill I,dorchester,2121.0,48,0,48,31.0,0.0,31.0,17,0,17.0,Ownership,Private,,
Infill I (MHFA) ?,dorchester,2124.0,8,8,0,0.0,0.0,0.0,8,8,0.0,Rental,Public,,
Ingram (VUP),roxbury,2121.0,3,2,1,1.0,0.0,1.0,2,2,0.0,Ownership/Rental,Private,,
Intervale St. HOME AGAIN,dorchester,2121.0,15,2,13,0.0,0.0,0.0,15,2,13.0,Ownership/Rental,Private,,
Intervale-Fayston,dorchester,2121.0,5,3,2,0.0,0.0,0.0,5,3,2.0,Ownership/Rental,Private,,
Intervale-Magnolia,dorchester,2121.0,88,88,0,0.0,0.0,0.0,88,88,0.0,Rental,Private,,Y
J.J. Meade (2-38),dorchester,2124.0,40,40,0,1.0,1.0,0.0,39,39,0.0,Rental,Public,Y,
Jackson (VUP),dorchester,2124.0,2,1,1,1.0,0.0,1.0,1,1,0.0,Ownership/Rental,Private,,
Jackson Commons,roxbury,2119.0,37,37,0,0.0,0.0,0.0,37,37,0.0,Rental,Private,,
Jackson Square Building M,roxbury,2119.0,44,44,0,0.0,0.0,0.0,44,44,0.0,Rental,Private,,
Jacob's Place,dorchester,2121.0,12,0,12,0.0,0.0,0.0,12,0,12.0,Ownership,Private,,
Johnson (VUP) CDFI,dorchester,2121.0,2,1,1,1.0,0.0,1.0,1,1,0.0,Ownership/Rental,Private,,
Julian Phase I - HOME AGAIN,roxbury,2119.0,13,2,11,0.0,0.0,0.0,13,2,11.0,Ownership/Rental,Private,,
KAFANM - Circle of Haitian Women (aka Women's Institute),dorchester,2124.0,6,6,0,0.0,0.0,0.0,6,6,0.0,Rental,Private,,
Kasanof Bakery (Rental & Ownership),roxbury,2119.0,64,48,16,0.0,0.0,0.0,64,48,16.0,Ownership/Rental,Private,,
Keazer (VUP),dorchester,2124.0,2,1,1,1.0,0.0,1.0,1,1,0.0,Ownership/Rental,Private,,
Kenmore Abbey,fenway,2215.0,199,199,0,1.0,1.0,0.0,198,198,0.0,Rental,Private,Y,Y
Ketchen (VUP),roxbury,2119.0,2,1,1,1.0,0.0,1.0,1,1,0.0,Ownership/Rental,Private,,
Keystone Apartments,dorchester,2124.0,223,223,0,1.0,1.0,0.0,222,222,0.0,Rental,Private,Y,Y
Kimbrough (VUP),dorchester,2124.0,2,1,1,1.0,0.0,1.0,1,1,0.0,Ownership/Rental,Private,,
Kittredge Square,roxbury,2119.0,6,0,6,3.0,0.0,3.0,3,0,3.0,Ownership,Private,,
Larchmont Residence,dorchester,2124.0,8,8,0,0.0,0.0,0.0,8,8,0.0,Rental,Private,,
Latin Academy Adaptive Re-use,dorchester,2124.0,58,58,0,38.0,38.0,0.0,20,20,0.0,Rental,Private,,
Lawrence (VUP),dorchester,2121.0,2,1,1,1.0,0.0,1.0,1,1,0.0,Ownership/Rental,Private,,
LBB Housing,dorchester,2126.0,101,101,0,0.0,0.0,0.0,101,101,0.0,Rental,Private,,Y
Lenox Street (2-4),roxbury,2118.0,285,285,0,0.0,0.0,0.0,285,285,0.0,Rental,Public,,
Levedo Building,dorchester,2124.0,24,24,0,0.0,0.0,0.0,24,24,0.0,Rental,Private,,
Lithgow Apts,dorchester,2124.0,31,31,0,0.0,0.0,0.0,31,31,0.0,Rental,Private,,
LOGO Apts (73u),roxbury,2119.0,91,91,0,0.0,0.0,0.0,91,91,0.0,Rental,Private,,Y
Lorenzo Pitts Portfolio (JPNCD 2018),roxbury,2119.0,137,137,0,0.0,0.0,0.0,137,137,0.0,Rental,Private,,Y
Lower Mills (2-57),dorchester,2124.0,178,178,0,0.0,0.0,0.0,178,178,0.0,Rental,Public,Y,Y
Lower Roxbury Tenant Corp,roxbury,2120.0,70,70,0,17.0,17.0,0.0,53,53,0.0,Rental,Private,,
Lucerne Gardens,dorchester,2124.0,45,45,0,0.0,0.0,0.0,45,45,0.0,Rental,Private,,Y
Lucky Strike Residential Project,dorchester,2122.0,22,3,19,19.0,0.0,19.0,3,3,0.0,Ownership/Rental,Private,,
Luis (VUP),dorchester,2124.0,2,1,1,1.0,0.0,1.0,1,1,0.0,Ownership/Rental,Private,,
M Walsh (VUP),dorchester,2122.0,2,2,0,0.0,0.0,0.0,2,2,0.0,Rental,Private,,
M.L. King Apartments (2-40),roxbury,2119.0,104,104,0,2.0,2.0,0.0,102,102,0.0,Rental,Public,Y,
Madison Melnea Cass Apts,roxbury,2119.0,76,76,0,4.0,4.0,0.0,72,72,0.0,Rental,Public/Private,,
Madison Parcel 10 Bldg C (Belvidere/Dalton East Offsite),roxbury,2119.0,30,30,0,9.0,9.0,0.0,21,21,0.0,Rental,Private,,
Madison Park III,roxbury,2120.0,120,120,0,0.0,0.0,0.0,120,120,0.0,Rental,Private,,Y
Madison Park IV,roxbury,2119.0,143,143,0,0.0,0.0,0.0,143,143,0.0,Rental,Private,,
Mandela Homes,roxbury,2118.0,276,276,0,0.0,0.0,0.0,276,276,0.0,Rental,Private,,Y
Maple Commons,roxbury,2119.0,41,41,0,0.0,0.0,0.0,41,41,0.0,Rental,Private,,
Marcus Garvey Gardens,roxbury,2119.0,161,161,0,0.0,0.0,0.0,161,161,0.0,Rental,Private,Y,Y
Marksdale Gardens I&II,roxbury,2121.0,178,178,0,0.0,0.0,0.0,178,178,0.0,Cooperative,Private,,Y
Marriro (VUP) CDFI,roxbury,2121.0,3,2,1,1.0,0.0,1.0,2,2,0.0,Ownership/Rental,Private,,
Martinex-Alamo (VUP),roxbury,2125.0,3,2,1,1.0,0.0,1.0,2,2,0.0,Ownership/Rental,Private,,
Mattapan Apartments,dorchester,2122.0,183,183,0,0.0,0.0,0.0,183,183,0.0,Rental,Private,,Y
Mendes (VUP),dorchester,2125.0,3,2,1,1.0,0.0,1.0,2,2,0.0,Ownership/Rental,Private,,
Meranda (VUP),dorchester,2121.0,2,1,1,1.0,0.0,1.0,1,1,0.0,Ownership/Rental,Private,,
MHPI IV-B,roxbury,2119.0,10,10,0,0.0,0.0,0.0,10,10,0.0,Rental,Private,,Y
MHPI IV-C,dorchester,2124.0,12,12,0,0.0,0.0,0.0,12,12,0.0,Rental,Private,,
MHPI V,dorchester,2121.0,16,16,0,0.0,0.0,0.0,16,16,0.0,Rental,Private,,
MHPI VI,dorchester,2125.0,15,15,0,0.0,0.0,0.0,15,15,0.0,Rental,Private,,
Miller (VUP),dorchester,2122.0,1,1,0,0.0,0.0,0.0,1,1,0.0,Rental,Private,,
MLK/Washington Commons,roxbury,2119.0,49,0,49,21.0,0.0,21.0,28,0,28.0,Ownership,Private,,
Moreland St Apts,roxbury,2119.0,12,12,0,0.0,0.0,0.0,12,12,0.0,Rental,Private,,
Morton Apts,dorchester,2124.0,24,24,0,0.0,0.0,0.0,24,24,0.0,Rental,Private,,Y
Morville House,fenway,2115.0,147,147,0,0.0,0.0,0.0,147,147,0.0,Rental,Private,Y,Y
Mount Vernon St Housing Project (Phase 1),dorchester,2125.0,205,205,0,183.0,183.0,0.0,22,22,0.0,Rental,Private,,
Mr. Lee's Lodge,roxbury,2119.0,17,17,0,1.0,1.0,0.0,16,16,0.0,Rental,Private,,
Mt Pleasant Apts,roxbury,2119.0,98,98,0,0.0,0.0,0.0,98,98,0.0,Rental,Private,,Y
Mt. Bowdoin/Erie Ellington - HOME AGAIN,dorchester,2121.0,16,6,10,0.0,0.0,0.0,16,6,10.0,Ownership/Rental,Private,,
Nazing Court,roxbury,2121.0,151,151,0,0.0,0.0,0.0,151,151,0.0,Rental,Private,,
New England Heritage Homes 1,dorchester,2124.0,16,0,16,0.0,0.0,0.0,16,0,16.0,Ownership,Private,,
New England Heritage Homes 2,dorchester,2124.0,16,0,16,0.0,0.0,0.0,16,0,16.0,Ownership,Private,,
New England Heritage Homes 3,dorchester,2124.0,16,0,16,0.0,0.0,0.0,16,0,16.0,Ownership,Private,,
New England Heritage Homes 4,dorchester,2124.0,16,0,16,0.0,0.0,0.0,16,0,16.0,Ownership,Private,,
New England Heritage Homes 5,dorchester,2124.0,16,0,16,0.0,0.0,0.0,16,0,16.0,Ownership,Private,,
New England Heritage Homes 6,dorchester,2124.0,16,0,16,0.0,0.0,0.0,16,0,16.0,Ownership,Private,,
New England Heritage Homes 7,dorchester,2124.0,16,0,16,0.0,0.0,0.0,16,0,16.0,Ownership,Private,,
New Port Antonio Apts,roxbury,2119.0,227,227,0,0.0,0.0,0.0,227,227,0.0,Rental,Private,,Y
Newcastle/Saranac,roxbury,2127.0,97,97,0,48.0,48.0,0.0,49,49,0.0,Rental,Private,,Y
Nor-al,dorchester,2124.0,57,57,0,0.0,0.0,0.0,57,57,0.0,Rental,Private,,Y
Norfield,dorchester,2121.0,45,45,0,0.0,0.0,0.0,45,45,0.0,Rental,Private,,Y
Norflett (VUP),dorchester,2121.0,2,1,1,1.0,0.0,1.0,1,1,0.0,Ownership/Rental,Private,,
Northampton Street,roxbury,2118.0,32,0,32,26.0,0.0,26.0,6,0,6.0,Ownership,Private,,
Northampton Tower,roxbury,2118.0,347,347,0,86.0,86.0,0.0,261,261,0.0,Rental,Private,,
Northampton/Mass. Ave,roxbury,2118.0,12,12,0,0.0,0.0,0.0,12,12,0.0,Rental,Private,,
Norway Housing,fenway,2115.0,136,136,0,0.0,0.0,0.0,136,136,0.0,Rental,Private,Y,Y
Norwell Townhouses,dorchester,2124.0,8,4,4,0.0,0.0,0.0,8,4,4.0,Ownership/Rental,Private,,
Norwell Whitfield (HOME AGAIN),dorchester,2124.0,20,2,18,0.0,0.0,0.0,20,2,18.0,Ownership/Rental,Private,,
Nu Life Development,dorchester,2121.0,16,0,16,0.0,0.0,0.0,16,0,16.0,Ownership,Private,,
Oliveira (VUP),dorchester,2125.0,2,1,1,1.0,0.0,1.0,1,1,0.0,Ownership/Rental,Private,,
One Lenox (SPO),roxbury,2118.0,26,26,0,1.0,0.0,1.0,25,25,0.0,Rental,Private,,
One Newcomb Place,roxbury,2118.0,23,23,0,20.0,20.0,0.0,3,3,0.0,Rental,Private,,
Orchard Gardens,roxbury,2119.0,331,331,0,49.0,49.0,0.0,282,282,0.0,Rental,Public,,
Orchard Park (Off-Site Phase I),roxbury,2119.0,78,78,0,14.0,14.0,0.0,64,64,0.0,Rental,Private,,
Otis Field Estates,roxbury,2121.0,10,0,10,0.0,0.0,0.0,10,0,10.0,Ownership,Private,,
Owens (VUP),dorchester,2121.0,2,2,0,0.0,0.0,0.0,2,2,0.0,Rental,Private,,
Parcel R-8,roxbury,2118.0,3,0,3,2.0,0.0,2.0,1,0,1.0,Ownership,Private,,
Park Cinema,dorchester,2122.0,38,38,0,0.0,0.0,0.0,38,38,0.0,Rental,Private,,Y
Park Congregate,dorchester,2124.0,18,18,0,0.0,0.0,0.0,18,18,0.0,Rental,Private,Y,
Park Gardens,roxbury,2119.0,38,38,0,0.0,0.0,0.0,38,38,0.0,Rental,Private,,Y
Parkview SRO,fenway,2115.0,61,61,0,0.0,0.0,0.0,61,61,0.0,Rental,Private,,
Parmelee Court,roxbury,2118.0,74,74,0,25.0,25.0,0.0,49,49,0.0,Rental,Private,,
Parry (VUP),roxbury,2121.0,2,2,0,0.0,0.0,0.0,2,2,0.0,Rental,Private,,
Pasciucco Apts (2-54),dorchester,2125.0,92,92,0,0.0,0.0,0.0,92,92,0.0,Rental,Public,Y,
Pass (VUP),dorchester,2124.0,2,1,1,1.0,0.0,1.0,1,1,0.0,Ownership/Rental,Private,,
Peabody Building,dorchester,2124.0,18,18,0,7.0,7.0,0.0,11,11,0.0,Rental,Private,,
Peabody Square/Englewood (2-83),dorchester,2124.0,103,103,0,0.0,0.0,0.0,103,103,0.0,Rental,Public,Y,
Pereira (VUP),dorchester,2125.0,2,1,1,1.0,0.0,1.0,1,1,0.0,Ownership/Rental,Private,,
Peterborough Housing,fenway,2215.0,220,220,0,0.0,0.0,0.0,220,220,0.0,Rental,Private,,Y
Peters (VUP),dorchester,2121.0,2,1,1,1.0,0.0,1.0,1,1,0.0,Ownership/Rental,Private,,
Phillips Brooks School,dorchester,2121.0,56,56,0,0.0,0.0,0.0,56,56,0.0,Rental,Private,,
Pine Street Park Dr (SPO),fenway,2215.0,22,22,0,0.0,0.0,0.0,22,22,0.0,Rental,Private,,
Powell (VUP),roxbury,2121.0,2,1,1,1.0,0.0,1.0,1,1,0.0,Ownership/Rental,Private,,
Prang Estates,roxbury,2119.0,33,33,0,0.0,0.0,0.0,33,33,0.0,Rental,Private,,
Project Family Independence,roxbury,2119.0,15,15,0,0.0,0.0,0.0,15,15,0.0,Rental,Private,,
Putnam Place,roxbury,2121.0,9,1,8,2.0,0.0,2.0,7,1,6.0,Ownership/Rental,Private,,
Quincy Commons,roxbury,2119.0,40,40,0,0.0,0.0,0.0,40,40,0.0,Rental,Private,Y,
Quincy Heights,dorchester,2121.0,129,129,0,0.0,0.0,0.0,129,129,0.0,Rental,Private,,Y
RAP-UP I,roxbury,2119.0,33,33,0,0.0,0.0,0.0,33,33,0.0,Rental,Private,,Y
RAP-UP II B,roxbury,2119.0,51,51,0,0.0,0.0,0.0,51,51,0.0,Rental,Private,,Y
Raven-Ramsey-Folsom,dorchester,2125.0,7,4,3,1.0,0.0,1.0,6,3,3.0,Ownership/Rental,Private,,
Reddick (VUP),roxbury,2119.0,2,1,1,1.0,0.0,1.0,1,1,0.0,Ownership/Rental,Private,,
Renwood-Cunard,roxbury,2120.0,17,17,0,0.0,0.0,0.0,17,17,0.0,Rental,Private,,
RMSC Family House Shelter Conversion,dorchester,2121.0,8,8,0,0.0,0.0,0.0,8,8,0.0,Rental,Private,,
Robert L. Fortes House,roxbury,2118.0,44,44,0,0.0,0.0,0.0,44,44,0.0,Rental,Private,Y,Y
Robinson (VUP),dorchester,2121.0,2,1,1,1.0,0.0,1.0,1,1,0.0,Ownership/Rental,Private,,
Rockland 202: Warren Gardens,roxbury,2119.0,40,40,0,0.0,0.0,0.0,40,40,0.0,Rental,Private,Y,
Roxbury Corners Coop,roxbury,2118.0,54,54,0,13.0,13.0,0.0,41,41,0.0,Rental,Private,,
Roxse Homes,roxbury,2118.0,346,346,0,0.0,0.0,0.0,346,346,0.0,Rental,Private,,Y
Ruggles Shawmut Housing,roxbury,2119.0,43,43,0,0.0,0.0,0.0,43,43,0.0,Rental,Private,?,Y
Sarah Baker Manor,roxbury,2119.0,41,41,0,0.0,0.0,0.0,41,41,0.0,Rental,Private,Y,Y
Sargent Prince SRO,roxbury,2119.0,29,29,0,0.0,0.0,0.0,29,29,0.0,Rental,Private,,
Sargent Street Homes - Home Again,roxbury,2125.0,16,5,11,0.0,0.0,0.0,16,5,11.0,Ownership/Rental,Private,,
Savin Hill Apartments,dorchester,2125.0,132,132,0,0.0,0.0,0.0,132,132,0.0,Rental,Private,Y,Y
Savin Maywood Init. (Phase II),roxbury,2119.0,8,0,8,0.0,0.0,0.0,8,0,8.0,Ownership,Private,,
Savin/Creston Project,roxbury,2119.0,28,28,0,2.0,2.0,0.0,26,26,0.0,Rental,Private,,
Savin/Maywood (Phase III) - Home Again,roxbury,2119.0,5,0,5,0.0,0.0,0.0,5,0,5.0,Ownership,Private,,
School House 77,roxbury,2119.0,38,38,0,0.0,0.0,0.0,38,38,0.0,Rental,Private,?,
SECD Housing,roxbury,2118.0,10,10,0,0.0,0.0,0.0,10,10,0.0,Rental,Private,,Y
Shawmut Estates (p/o Orchard Park offsite Phase 3 HO),roxbury,2119.0,15,0,15,0.0,0.0,0.0,15,0,15.0,Ownership,Private,,
Sister Clara Co-op,dorchester,2125.0,25,25,0,0.0,0.0,0.0,25,25,0.0,Rental,Private,,
Smith House,roxbury,2119.0,132,132,0,0.0,0.0,0.0,132,132,0.0,Rental,Private,Y,
"Smith, Steven (VUP)",dorchester,2121.0,1,1,0,0.0,0.0,0.0,1,1,0.0,Rental,Private,,
Soares (VUP),roxbury,2125.0,1,1,0,0.0,0.0,0.0,1,1,0.0,Rental,Private,,
"Sonoma, Maple, Schuyler",roxbury,2121.0,115,115,0,15.0,15.0,0.0,100,100,0.0,Rental,Private,,Y
South Bay Mixed-Use Town Center (Building D),dorchester,2125.0,260,260,0,226.0,226.0,0.0,34,34,0.0,Rental,Private,,
South End Apartments,roxbury,2120.0,27,27,0,0.0,0.0,0.0,27,27,0.0,Rental,Private,,Y
SOUTH END APARTMENTS RENOVATION PROJECT,roxbury,2118.0,5,5,0,0.0,0.0,0.0,5,5,0.0,Rental,Private,,
St Botolph Terrace,fenway,2115.0,52,52,0,0.0,0.0,0.0,52,52,0.0,Rental,Private,,Y
St Cecilia's House,fenway,2115.0,123,123,0,0.0,0.0,0.0,123,123,0.0,Rental,Private,Y,
St James Estate Condominium,roxbury,2119.0,22,0,22,14.0,0.0,14.0,8,0,8.0,Ownership,Private,,
St Josephs Housing,roxbury,2119.0,137,137,0,32.0,32.0,0.0,105,105,,Rental,Private,,Y
St Kevin's,dorchester,2125.0,80,80,0,0.0,0.0,0.0,80,80,0.0,Rental,Private,,
Stafford Heights/New Boston Coop,roxbury,2119.0,41,41,0,0.0,0.0,0.0,41,41,0.0,Cooperative,Private,,
Stanwood Homes - Home Again,dorchester,2121.0,19,7,12,0.0,0.0,0.0,19,7,12.0,Ownership/Rental,Private,,
Stonewall at Audubon Circle Phase I,fenway,2215.0,53,0,53,48.0,0.0,48.0,5,0,5.0,Ownership,Private,,
Strathcona Arms (p/o Ten Most Wanted),dorchester,2121.0,14,14,0,0.0,0.0,0.0,14,14,0.0,Rental,Private,,
Sullivan (VUP),dorchester,2121.0,1,1,0,0.0,0.0,0.0,1,1,0.0,Rental,Private,,
Sumner Court,dorchester,2125.0,10,0,10,0.0,0.0,0.0,10,0,10.0,Ownership,Private,,
Suppressed10,dorchester,2124.0,11,11,0,0.0,0.0,0.0,11,11,0.0,Rental,Private,,
Suppressed11,fenway,2115.0,75,75,0,0.0,0.0,0.0,75,75,0.0,Rental,Private,Y,
Suppressed12,roxbury,2119.0,20,20,0,0.0,0.0,0.0,20,20,0.0,Rental,Private,,
Suppressed13,fenway,2215.0,16,16,0,0.0,0.0,0.0,16,16,0.0,Rental,Private,,
Suppressed18,dorchester,2122.0,4,4,0,0.0,0.0,0.0,4,4,0.0,Rental,Private,,
Suppressed19,dorchester,2122.0,6,6,0,0.0,0.0,0.0,6,6,0.0,Rental,Private,,
Suppressed2,roxbury,2120.0,75,75,0,0.0,0.0,0.0,75,75,0.0,Rental,Private,,
Suppressed20,dorchester,2125.0,6,6,0,0.0,0.0,0.0,6,6,0.0,Rental,Private,,
Suppressed22,roxbury,2119.0,23,23,0,0.0,0.0,0.0,23,23,0.0,Rental,Private,,
Suppressed23,dorchester,2124.0,4,4,0,0.0,0.0,0.0,4,4,0.0,Rental,Private,,
Suppressed24,dorchester,2124.0,5,5,0,0.0,0.0,0.0,5,5,0.0,Rental,Private,,
Suppressed25,dorchester,2124.0,11,11,0,1.0,1.0,0.0,10,10,0.0,Rental,Private,,
Suppressed30,roxbury,2125.0,13,13,0,0.0,0.0,0.0,13,13,0.0,Rental,Private,,
Suppressed32,roxbury,2119.0,19,19,0,0.0,0.0,0.0,19,19,0.0,Rental,Private,,
Suppressed35,roxbury,2119.0,131,131,0,0.0,0.0,0.0,131,131,0.0,Rental,Private,,Y
Suppressed36,fenway,2115.0,48,48,0,0.0,0.0,0.0,48,48,0.0,Rental,Private,,Y
Suppressed4,dorchester,2125.0,9,9,0,1.0,1.0,0.0,8,8,0.0,Rental,Private,,Y
Suppressed5,dorchester,2125.0,12,12,0,0.0,0.0,0.0,12,12,0.0,Rental,Private,,
Suppressed8,fenway,2115.0,14,14,0,1.0,1.0,0.0,13,13,0.0,Rental,Private,,
Suppressed9,roxbury,2119.0,9,9,0,0.0,0.0,0.0,9,9,0.0,Rental,Private,,
Symphony Court at Burbank Street,fenway,2115.0,34,0,34,32.0,0.0,32.0,2,0,2.0,Ownership,Private,,
Symphony Plaza West,fenway,2115.0,216,216,0,0.0,0.0,0.0,216,216,0.0,Rental,Private,Y,Y
TAB I,dorchester,2125.0,71,71,0,0.0,0.0,0.0,71,71,0.0,Rental,Private,Y,Y
TAB II?,dorchester,2125.0,98,98,0,0.0,0.0,0.0,98,98,0.0,Rental,Private,,
Talbot Commons Phase 1,dorchester,2124.0,40,40,0,21.0,21.0,0.0,19,19,0.0,Rental,Private,,
Talbot/Bernard (Elderly) 202,dorchester,2124.0,31,31,0,1.0,1.0,0.0,30,30,0.0,Rental,Private,Y,Y
Talbot/Bernard (Rental),dorchester,2124.0,44,44,0,0.0,0.0,0.0,44,44,0.0,Rental,Private,,
Tate (VUP),dorchester,2124.0,2,1,1,0.0,0.0,0.0,2,1,1.0,Ownership/Rental,Private,,
Taurus Apts,roxbury,2121.0,38,38,0,0.0,0.0,0.0,38,38,0.0,Rental,Private,,Y
Taurus at Fountain Hill,roxbury,2119.0,73,73,0,0.0,0.0,0.0,73,73,0.0,Rental,Private,,Y
Tebroc Levant (HOME AGAIN),dorchester,2124.0,5,1,4,0.0,0.0,0.0,5,1,4.0,Ownership/Rental,Private,,
Ten Most Wanted - 1,dorchester,2121.0,3,2,1,0.0,0.0,0.0,3,2,1.0,Ownership/Rental,Private,,
Ten Most Wanted - 10,roxbury,2125.0,3,2,1,0.0,0.0,0.0,3,2,1.0,Ownership/Rental,Private,,
Ten Most Wanted - 11,dorchester,2121.0,2,1,1,0.0,0.0,0.0,2,1,1.0,Ownership/Rental,Private,,
Ten Most Wanted - 12,roxbury,2125.0,1,0,1,0.0,0.0,0.0,1,0,1.0,Ownership,Private,,
Ten Most Wanted - 13,roxbury,2119.0,2,1,1,0.0,0.0,0.0,2,1,1.0,Ownership/Rental,Private,,
Ten Most Wanted - 14,dorchester,2124.0,2,1,1,0.0,0.0,0.0,2,1,1.0,Ownership/Rental,Private,,
Ten Most Wanted - 15,roxbury,2125.0,1,0,1,0.0,0.0,0.0,1,0,1.0,Ownership,Private,,
Ten Most Wanted - 3,roxbury,2119.0,4,2,2,0.0,0.0,0.0,4,2,2.0,Ownership/Rental,Private,,
Ten Most Wanted - 4,dorchester,2122.0,2,1,1,0.0,0.0,0.0,2,1,1.0,Ownership/Rental,Private,,
Ten Most Wanted - 5,dorchester,2121.0,2,1,1,0.0,0.0,0.0,2,1,1.0,Ownership/Rental,Private,,
Ten Most Wanted - 6,dorchester,2121.0,2,1,1,0.0,0.0,0.0,2,1,1.0,Ownership/Rental,Private,,
Ten Most Wanted - 7,dorchester,2124.0,2,1,1,0.0,0.0,0.0,2,1,1.0,Ownership,Private,,
Ten Most Wanted - 8,dorchester,2121.0,3,2,1,2.0,2.0,0.0,1,0,1.0,Ownership,Private,,
Ten Most Wanted - 9,dorchester,2121.0,2,1,1,0.0,0.0,0.0,2,1,1.0,Ownership/Rental,Private,,
Thane St Apts,dorchester,2124.0,6,6,0,0.0,0.0,0.0,6,6,0.0,Rental,Private,,Y
The Andi (South Bay Town Center Building C),dorchester,2125.0,215,215,0,187.0,187.0,0.0,28,28,0.0,Rental,Private,,
The Carillon,fenway,2115.0,31,30,1,30.0,30.0,0.0,1,0,1.0,Ownership/Rental,Private,,
The Clarion,roxbury,2121.0,39,39,0,7.0,7.0,0.0,32,32,0.0,Rental,Private,,
The Harmon Apartments (Boston Home Group),dorchester,2124.0,36,0,36,6.0,0.0,6.0,30,30,0.0,Rental,Private,,
The Melnea (Parcel 9/Residential),roxbury,2119.0,50,50,0,43.0,43.0,0.0,7,7,0.0,Rental,Private,,
The Modern,roxbury,2118.0,62,0,62,53.0,0.0,53.0,9,0,9.0,Ownership,Private,,
The Pierce,fenway,2215.0,349,240,109,307.0,68.0,239.0,42,41,1.0,Ownership/Rental,Private,,
Theroch,roxbury,2121.0,222,222,0,31.0,31.0,0.0,191,191,0.0,Rental,Private,,Y
Thetford-Dyer Neighborhood Homes,dorchester,2124.0,16,7,9,6.0,6.0,0.0,10,4,6.0,Ownership/Rental,Private,,
Treadmark,dorchester,2124.0,83,51,32,28.0,0.0,28.0,55,51,4.0,Ownership/Rental,Private,,
Tremont Houses,roxbury,2118.0,23,23,0,0.0,0.0,0.0,23,23,0.0,Rental,Private,,
Trilogy Residential,fenway,2215.0,534,534,0,475.0,475.0,0.0,59,59,0.0,Rental,Private,,
Trinity Terrace,dorchester,2121.0,62,62,0,0.0,0.0,0.0,62,62,0.0,Rental,Private,,
Trull/Ware Homes,dorchester,2125.0,4,1,3,0.0,0.0,0.0,4,1,3.0,Ownership/Rental,Private,,
Twenty at Luma,roxbury,2119.0,20,0,20,0.0,0.0,0.0,20,0,20.0,Ownership,Private,,
Uphams Corner Market Residential and Elderhouse,dorchester,2125.0,45,45,0,1.0,1.0,0.0,44,44,0.0,Rental,Private,Y,
Uphams Corner/Red Hazel Apts,dorchester,2125.0,36,36,0,0.0,0.0,0.0,36,36,0.0,Rental,Private,,Y
Uphams West,roxbury,2125.0,13,13,0,0.0,0.0,0.0,13,13,0.0,Rental,Private,,
Urbanica 691,roxbury,2118.0,40,0,40,38.0,0.0,38.0,2,0,2.0,Ownership,Private,,
Urbanica Highland Park (E+),roxbury,2119.0,4,0,4,3.0,0.0,3.0,1,0,1.0,Ownership,Private,,
Uva Douglas Estates,roxbury,2121.0,15,15,0,0.0,0.0,0.0,15,15,0.0,Rental,Private,,
Valenchuck (VUP),dorchester,2122.0,2,2,0,0.0,0.0,0.0,2,2,0.0,Rental,Private,,
Van Ness Terrace,roxbury,2119.0,50,50,0,0.0,0.0,0.0,50,50,0.0,Rental,Private,,
Vet Step Up,roxbury,2121.0,10,10,0,0.0,0.0,0.0,10,10,0.0,Rental,Private,,
Viet-AID,dorchester,2122.0,6,6,0,0.0,0.0,0.0,6,6,0.0,Rental,Private,,
Vines (VUP) CDFI,dorchester,2121.0,2,2,0,0.0,0.0,0.0,2,2,0.0,Rental,Private,,
Viridian,fenway,2215.0,350,350,0,312.0,312.0,0.0,38,38,0.0,Rental,Private,,
Walker Park Apartments,roxbury,2130.0,49,49,0,0.0,0.0,0.0,49,49,0.0,Rental,Private,,
Walnut Community Housing,roxbury,2119.0,37,37,0,3.0,3.0,0.0,34,34,0.0,Rental,Private,Y,
Wardman Apts,roxbury,2119.0,88,88,0,0.0,0.0,0.0,88,88,0.0,Rental,Private,,Y
Warren Gardens Coop,roxbury,2119.0,228,228,0,0.0,0.0,0.0,228,228,0.0,Cooperative,Private,,Y
Warren St Nursing Home,roxbury,2121.0,9,9,0,0.0,0.0,0.0,9,9,0.0,Rental,Private,,
"Washington Heights I, II",roxbury,2119.0,175,175,0,0.0,0.0,0.0,175,175,0.0,Rental,Private,,Y
Washington Mews,dorchester,2124.0,20,20,0,0.0,0.0,0.0,20,20,0.0,Rental,Private,,
Watson (VUP),dorchester,2124.0,2,2,0,0.0,0.0,0.0,2,2,0.0,Rental,Private,,
Waverly Homes II,roxbury,2125.0,9,2,7,0.0,0.0,0.0,9,2,7.0,Ownership/Rental,Private,,
Wayland Street Homes,roxbury,2125.0,6,0,6,0.0,0.0,0.0,6,0,6.0,Ownership,Private,,
Wayne Apartments,roxbury,2121.0,74,74,0,0.0,0.0,0.0,74,74,0.0,Rental,Private,,Y
Wayne at Bicknell,dorchester,2121.0,72,72,0,0.0,0.0,0.0,72,72,0.0,Rental,Private,,Y
Wayne at Columbia,dorchester,2121.0,83,83,0,0.0,0.0,0.0,83,83,0.0,Rental,Private,,Y
Wayne at Franklin,dorchester,2124.0,72,72,0,0.0,0.0,0.0,72,72,0.0,Rental,Private,,Y
Wellington Hill Phase I,dorchester,2126.0,23,9,14,0.0,0.0,0.0,23,9,14.0,Ownership/Rental,Private,,
West Cottage St Condominiums,roxbury,2125.0,4,0,4,0.0,0.0,0.0,4,0,4.0,Ownership,Private,,
Westland Avenue Apartments,fenway,2115.0,96,96,0,35.0,35.0,0.0,61,61,0.0,Rental,Private,Y,Y
Westminster 21 (Urban Edge),roxbury,2119.0,5,0,5,0.0,0.0,0.0,5,0,5.0,Ownership,Private,,
Westminster Court,roxbury,2119.0,70,70,0,0.0,0.0,0.0,70,70,0.0,Rental,Private,,
Whittier Street Apartments (2-11),roxbury,2120.0,144,144,0,16.0,16.0,0.0,128,128,0.0,Rental,Public/Private,,
Whittier/Lyndhurst/Washington,dorchester,2124.0,44,44,0,0.0,0.0,0.0,44,44,0.0,Rental,Private,,
Wilder Gardens,dorchester,2121.0,61,61,0,0.0,0.0,0.0,61,61,0.0,Rental,Private,,Y
Williams (VUP),roxbury,2119.0,2,1,1,1.0,0.0,1.0,1,1,0.0,Ownership/Rental,Private,,
Willowwood|Hildreth NHI,dorchester,2124.0,8,4,4,0.0,0.0,0.0,8,4,4.0,Ownership/Rental,Private,,
Wilshire Apartments,roxbury,2121.0,29,29,0,0.0,0.0,0.0,29,29,0.0,Rental,Private,,Y
Winslow Court,roxbury,2119.0,24,5,19,0.0,0.0,0.0,24,5,19.0,Ownership/Rental,Private,,
Winston/Harwood (689-?),dorchester,2124.0,10,0,10,0.0,0.0,0.0,10,0,10.0,Ownership,Public,,
Wood (VUP),dorchester,2124.0,1,1,0,0.0,0.0,0.0,1,1,0.0,Rental,Private,,
Woodward Park - North - Home Again,roxbury,2125.0,10,0,10,0.0,0.0,0.0,10,0,10.0,Ownership,Private,,
Woodward Park II - HOME AGAIN,roxbury,2125.0,11,0,11,0.0,0.0,0.0,11,0,11.0,Ownership,Private,,
x & 50 Corbet (REMS Land),dorchester,2124.0,2,1,1,0.0,0.0,0.0,2,1,1.0,Ownership/Rental,Private,,
x Adams Street,dorchester,2122.0,3,3,0,0.0,0.0,0.0,3,3,0.0,Rental,Private,,
x Algonquin St,dorchester,2124.0,9,9,0,1.0,1.0,0.0,8,8,0.0,Rental,Private,,
x Alpine Street,roxbury,2119.0,3,3,0,0.0,0.0,0.0,3,3,0.0,Rental,Private,,
x Alvah Kittredge Park,roxbury,2119.0,4,2,2,3.0,1.0,2.0,1,1,0.0,Ownership/Rental,Private,,
x and 120-122 Mt. Pleasant Avenue,roxbury,2119.0,9,9,0,0.0,0.0,0.0,9,9,0.0,Rental,Private,,
x Arbutus (YouthBuild),dorchester,2124.0,2,0,2,0.0,0.0,0.0,2,0,2.0,Ownership,Private,,
x Arbutus Street,dorchester,2124.0,2,0,2,0.0,0.0,0.0,2,0,2.0,Ownership,Private,,
x Ashland St,dorchester,2122.0,6,6,0,0.0,0.0,0.0,6,6,0.0,Rental,Public,,
x Banton St,dorchester,2124.0,18,0,18,16.0,16.0,0.0,2,2,0.0,Rental,Private,,
x Batchelder St,dorchester,2125.0,2,1,1,0.0,0.0,0.0,2,1,1.0,Ownership/Rental,Public,,
x Bellevue Street,dorchester,2125.0,3,3,0,0.0,0.0,0.0,3,3,0.0,Rental,Private,,
x Blue Hill Ave,roxbury,2119.0,3,2,1,0.0,0.0,0.0,3,2,1.0,Ownership/Rental,Private,,
x Blue Hill Ave (REMS buildings),roxbury,2121.0,2,2,0,0.0,0.0,0.0,2,2,0.0,Rental,Private,,
x Bowdoin Ave (AOP),dorchester,2121.0,31,31,0,0.0,0.0,0.0,31,31,0.0,Rental,Private,,
x Bowdoin St,dorchester,2124.0,3,3,0,0.0,0.0,0.0,3,3,0.0,Rental,Public,,
x Bowdoin St (RDP),dorchester,2121.0,1,0,1,0.0,0.0,0.0,1,0,1.0,Ownership,Private,,
x Boylston,fenway,2215.0,199,199,0,189.0,189.0,0.0,10,10,0.0,Rental,Private,,
x Burbank Street,fenway,2115.0,36,36,0,5.0,5.0,0.0,31,31,0.0,Rental,Private,,
x Burt St/VOA Sober House,dorchester,2124.0,16,16,0,0.0,0.0,0.0,16,16,0.0,Rental,Private,,
x Bushnell St,dorchester,2124.0,1,0,1,0.0,0.0,0.0,1,0,1.0,Ownership,Private,,
x Cameron Street,dorchester,2125.0,3,3,0,0.0,0.0,0.0,3,3,0.0,Rental,Private,,
x Catawba St - Youthbuild,roxbury,2119.0,3,2,1,1.0,1.0,0.0,2,1,1.0,Ownership/Rental,Private,,
x Chamblet Street,dorchester,2125.0,2,1,1,0.0,0.0,0.0,2,1,1.0,Ownership/Rental,Private,,
x Chipman St (RDP),dorchester,2124.0,1,0,1,0.0,0.0,0.0,1,0,1.0,Ownership,Private,,
x Clarkson St,dorchester,2125.0,3,2,1,0.0,0.0,0.0,3,2,1.0,Ownership/Rental,Private,,
x Clifton St,dorchester,2125.0,2,2,0,0.0,0.0,0.0,2,2,0.0,Rental,Public,,
x Clifton St (RDP),roxbury,2119.0,2,1,1,0.0,0.0,0.0,2,1,1.0,Ownership/Rental,Private,,
x Coffey St,dorchester,2122.0,46,46,0,43.0,43.0,0.0,3,3,0.0,Rental,Private,,
x Coleman St (1-4 Program),dorchester,2125.0,2,1,1,0.0,0.0,0.0,2,1,1.0,Ownership/Rental,Private,,
x Coleman St (REO),dorchester,2125.0,3,2,1,1.0,0.0,1.0,2,2,0.0,Ownership/Rental,Private,,
x Coleman Street,dorchester,2125.0,1,0,1,0.0,0.0,0.0,1,0,1.0,Ownership,Private,,
x Colonial Avenue E+,dorchester,2124.0,4,0,4,3.0,0.0,3.0,1,0,1.0,Ownership,Private,,
x Columbus Ave,roxbury,2119.0,5,5,0,0.0,0.0,0.0,5,5,0.0,Rental,Private,,
x Columbus Avenue,roxbury,2119.0,165,165,0,0.0,0.0,0.0,165,165,0.0,Rental,Public,Y,
x Crawford Street SRO,roxbury,2121.0,17,17,0,0.0,0.0,0.0,17,17,0.0,Rental,Private,,
x Dacia Street,roxbury,2125.0,3,2,1,0.0,0.0,0.0,3,2,1.0,Ownership/Rental,Private,,
x Dale Street Condominium,roxbury,2119.0,4,0,4,0.0,0.0,0.0,4,0,4.0,Ownership,Private,,
x Devon Street,dorchester,2121.0,3,3,0,0.0,0.0,0.0,3,3,0.0,Rental,Private,,
x Dorchester Av,dorchester,2124.0,64,0,64,56.0,56.0,0.0,8,8,0.0,Rental,Private,,
x Dorchester Ave,dorchester,2125.0,13,0,13,11.0,0.0,11.0,2,0,2.0,Ownership,Private,,
x Dorchester Ave. (SPO),dorchester,2122.0,43,43,0,0.0,0.0,0.0,43,43,0.0,Rental,Private,,
x Draper St (BuildHOME),dorchester,2122.0,2,1,1,1.0,1.0,0.0,1,0,1.0,Ownership/Rental,Private,,
x Dudley St (REO),dorchester,2125.0,4,4,0,0.0,0.0,0.0,4,4,0.0,Rental,Private,,
x Dudley Street,roxbury,2119.0,68,68,0,0.0,0.0,0.0,68,68,0.0,Rental,Private,,
x Dunlap Street,dorchester,2124.0,3,3,0,0.0,0.0,0.0,3,3,0.0,Rental,Private,,
x Dunreath St (RDP),roxbury,2119.0,3,2,1,0.0,0.0,0.0,3,2,1.0,Ownership/Rental,Private,,
x Ellington St,dorchester,2121.0,6,6,0,0.0,0.0,0.0,6,6,0.0,Cooperative,Private,,
x Elwyn Road (REO),dorchester,2124.0,3,3,0,0.0,0.0,0.0,3,3,0.0,Rental,Private,,
x Esmond Street,dorchester,2121.0,2,1,1,1.0,1.0,0.0,1,0,1.0,Ownership/Rental,Private,,
x Eustis Street,roxbury,2119.0,1,0,1,0.0,0.0,0.0,1,0,1.0,Ownership,Private,,
x Evans Street: Perry,dorchester,2124.0,1,0,1,0.0,0.0,0.0,1,0,1.0,Ownership,Private,,
x Fairland St (Lee VUP),roxbury,2119.0,3,2,1,1.0,0.0,1.0,2,2,0.0,Ownership/Rental,Private,,
x Fort Avenue,roxbury,2119.0,13,13,0,0.0,0.0,0.0,13,13,0.0,Rental,Private,,
x Gaston (RDP),roxbury,2121.0,1,0,1,0.0,0.0,0.0,1,0,1.0,Ownership,Private,,
x Glenway St,dorchester,2121.0,3,2,1,0.0,0.0,0.0,3,2,1.0,Ownership/Rental,Private,,
x Glenway Street,dorchester,2121.0,2,1,1,0.0,0.0,0.0,2,1,1.0,Ownership/Rental,Private,,
x Glenway Street (1-4),dorchester,2121.0,3,2,1,0.0,0.0,0.0,3,2,1.0,Ownership/Rental,Private,,
x Greenbrier St (BuildHome),dorchester,2124.0,2,1,1,1.0,1.0,0.0,1,0,1.0,Ownership/Rental,Private,,
x Hancock,dorchester,2125.0,36,36,0,15.0,15.0,0.0,21,21,0.0,Rental,Private,,
x Hancock (AOP),dorchester,2125.0,37,37,0,0.0,0.0,0.0,37,37,0.0,Rental,Private,,
x Harold Street,roxbury,2119.0,3,3,0,0.0,0.0,0.0,3,3,0.0,Rental,Private,,
x Harvard Street,dorchester,2124.0,3,3,0,0.0,0.0,0.0,3,3,0.0,Rental,Private,,
x Hawthorne Street,roxbury,2119.0,2,1,1,0.0,0.0,0.0,2,1,1.0,Ownership/Rental,Private,,
x Hemenway,fenway,2115.0,15,15,0,0.0,0.0,0.0,15,15,0.0,Rental,Private,,
x Hemenway Coop,fenway,2115.0,24,24,0,11.0,11.0,0.0,13,13,0.0,Cooperative,Private,,
x Hendry St (REO),dorchester,2122.0,3,2,1,0.0,0.0,0.0,3,2,1.0,Ownership/Rental,Private,,
x Highland St E+,roxbury,2119.0,4,0,4,3.0,0.0,3.0,1,0,1.0,Ownership,Private,,
x Highland Street,roxbury,2119.0,5,0,5,4.0,0.0,4.0,1,0,1.0,Ownership,Private,,
x Holborn Terrace,roxbury,2121.0,8,8,0,0.0,0.0,0.0,8,8,0.0,Rental,Private,,
x Hollander Street,roxbury,2121.0,2,1,1,0.0,0.0,0.0,2,1,1.0,Ownership/Rental,Private,,
x Homes Ave Development,dorchester,2122.0,1,0,1,0.0,0.0,0.0,1,0,1.0,Ownership,Private,,
x House (SPO),dorchester,2122.0,12,12,0,0.0,0.0,0.0,12,12,0.0,Rental,Private,,
x Howard Ave,roxbury,2125.0,3,2,1,0.0,0.0,0.0,3,2,1.0,Ownership/Rental,Private,,
x Huckins St,roxbury,2119.0,4,4,0,0.0,0.0,0.0,4,4,0.0,Cooperative,Private,,
x Humboldt Avenue,roxbury,2121.0,3,3,0,0.0,0.0,0.0,3,3,0.0,Rental,Private,,
x Humboldt Avenue-202,roxbury,2121.0,12,12,0,0.0,0.0,0.0,12,12,0.0,Rental,Private,?,
x Humphreys Place (AOP),dorchester,2125.0,6,6,0,0.0,0.0,0.0,6,6,0.0,Rental,Private,,
x Hutchings Street,roxbury,2121.0,1,0,1,0.0,0.0,0.0,1,0,1.0,Ownership,Private,,
x Intervale St (RDP),roxbury,2121.0,1,0,1,0.0,0.0,0.0,1,0,1.0,Ownership,Private,,
x Juniper Street,roxbury,2119.0,4,3,1,1.0,1.0,0.0,3,2,1.0,Ownership/Rental,Private,,
x Kingsdale St,dorchester,2124.0,3,1,2,1.0,0.0,1.0,2,1,1.0,Ownership/Rental,Private,,
x Lawrence Avenue,dorchester,2121.0,3,2,1,0.0,0.0,0.0,3,2,1.0,Ownership/Rental,Private,,
x Leroy St (AOP),dorchester,2122.0,3,3,0,0.0,0.0,0.0,3,3,0.0,Rental,Private,,
x Levant St,dorchester,2122.0,3,2,1,0.0,0.0,0.0,3,2,1.0,Ownership/Rental,Private,,
x Lorne Street,dorchester,2124.0,3,3,0,0.0,0.0,0.0,3,3,0.0,Rental,Private,,
x Magnolia St,dorchester,2121.0,2,1,1,0.0,0.0,0.0,2,1,1.0,Ownership/Rental,Private,,
x Magnolia St (RDP),dorchester,2125.0,2,1,1,0.0,0.0,0.0,2,1,1.0,Ownership/Rental,Private,,
x Mallon Road,dorchester,2121.0,2,1,1,0.0,0.0,0.0,2,1,1.0,Ownership/Rental,Private,,
x Manor St (RDP),dorchester,2122.0,1,0,1,0.0,0.0,0.0,1,0,1.0,Ownership,Private,,
x Mass. Ave. (BCLT),roxbury,2118.0,18,18,0,0.0,0.0,0.0,18,18,0.0,Rental,Private,,
x Massachusetts Ave,dorchester,2125.0,40,40,0,35.0,35.0,0.0,5,5,0.0,Rental,Private,,
x Maywood Street,roxbury,2119.0,3,2,1,1.0,0.0,1.0,2,2,0.0,Ownership/Rental,Private,,
x Milton Street,dorchester,2124.0,1,0,1,0.0,0.0,0.0,1,0,1.0,Ownership,Private,,
x Miner Street,fenway,2215.0,49,49,0,43.0,43.0,0.0,6,6,0.0,Rental,Private,,
x Monsignor Way,dorchester,2124.0,6,6,0,0.0,0.0,0.0,6,6,0.0,Rental,Private,,
x Morse Street,dorchester,2121.0,6,6,0,0.0,0.0,0.0,6,6,0.0,Rental,Private,,
x Mount Everett NHI,dorchester,2125.0,2,1,1,0.0,0.0,0.0,2,1,1.0,Ownership/Rental,Private,,
x Mountfort St,fenway,2215.0,37,37,0,33.0,33.0,0.0,4,4,0.0,Rental,Private,,
x Mt. Pleasant Ave SRO,roxbury,2119.0,20,20,0,0.0,0.0,0.0,20,20,0.0,Rental,Private,,
x Mt. Pleasant Avenue,roxbury,2119.0,8,8,0,0.0,0.0,0.0,8,8,0.0,Rental,Private,,
x Murray Ave,roxbury,2119.0,2,1,1,0.0,0.0,0.0,2,1,1.0,Ownership/Rental,Private,,
x Murray Ave (1-4),roxbury,2119.0,2,1,1,0.0,0.0,0.0,2,1,1.0,Ownership/Rental,Private,,
x Nelson Street,dorchester,2124.0,2,1,1,0.0,0.0,0.0,2,1,1.0,Ownership/Rental,Private,,
x Neponset Ave,dorchester,2122.0,22,22,0,19.0,19.0,0.0,3,3,0.0,Rental,Private,,
x Nightingale Street,dorchester,2124.0,3,2,1,0.0,0.0,0.0,3,2,1.0,Ownership/Rental,Private,,
x Norfolk Street (RDP),dorchester,2124.0,2,1,1,0.0,0.0,0.0,2,1,1.0,Ownership/Rental,Private,,
x North Ave/YouthBuild,roxbury,2119.0,1,1,0,0.0,0.0,0.0,1,1,0.0,Rental,Private,,
x Northampton Apts,roxbury,2118.0,9,9,0,0.0,0.0,0.0,9,9,0.0,Rental,Private,,
x Norwell St - YouthBuild,dorchester,2121.0,1,0,1,0.0,0.0,0.0,1,0,1.0,Ownership,Private,,
x Norwell Street (REO/Private Acquisition),dorchester,2121.0,1,0,1,0.0,0.0,0.0,1,0,1.0,Ownership,Private,,
x Otisfield St (BuildHome),roxbury,2121.0,1,0,1,0.0,0.0,0.0,1,0,1.0,Ownership,Private,,
x Page St (James VUP),dorchester,2121.0,2,2,0,0.0,0.0,0.0,2,2,0.0,Rental,Private,,
x Park Drive,fenway,2215.0,21,0,21,18.0,0.0,18.0,3,0,3.0,Ownership,Private,,
x Park St,dorchester,2122.0,2,1,1,0.0,0.0,0.0,2,1,1.0,Ownership/Rental,Private,,
x Park St Lodging House,dorchester,2122.0,16,16,0,0.0,0.0,0.0,16,16,0.0,Rental,Private,,
x Park St/YouthBuild,dorchester,2124.0,1,0,1,0.0,0.0,0.0,1,0,1.0,Ownership,Private,,
x Peacevale Rd,dorchester,2124.0,2,1,1,0.0,0.0,0.0,2,1,1.0,Ownership/Rental,Private,,
x Peterborough,fenway,2215.0,20,20,0,17.0,17.0,0.0,3,3,0.0,Rental,Private,,
x Peterborough Street,fenway,2215.0,11,11,0,10.0,10.0,0.0,1,1,0.0,Rental,Private,,
x Pleasant St,dorchester,2125.0,17,0,17,15.0,0.0,15.0,2,0,2.0,Ownership,Private,,
x Puritan Ave,dorchester,2121.0,1,0,1,0.0,0.0,0.0,1,0,1.0,Ownership,Private,,
x Quincy St (REO),roxbury,2125.0,3,2,1,0.0,0.0,0.0,3,2,1.0,Ownership/Rental,Private,,
x Quincy Street,dorchester,2122.0,3,2,1,1.0,0.0,1.0,2,2,0.0,Ownership/Rental,Private,,
x Quincy Street (1-4),roxbury,2121.0,3,0,3,0.0,0.0,0.0,3,0,3.0,Ownership,Private,,
x Ridgewood St. (REO),dorchester,2122.0,3,3,0,0.0,0.0,0.0,3,3,0.0,Rental,Private,,
x Rill St (BuildHome),dorchester,2125.0,2,1,1,1.0,1.0,0.0,1,0,1.0,Ownership/Rental,Private,,
x Rockland Avenue,roxbury,2119.0,1,0,1,0.0,0.0,0.0,1,0,1.0,Ownership,Private,,
x Rockwell Street,dorchester,2124.0,1,0,1,0.0,0.0,0.0,1,0,1.0,Ownership,Private,,
x Roxbury St,roxbury,2119.0,11,11,0,9.0,9.0,0.0,2,2,0.0,Rental,Private,,
x Ruggles Assisted Living,roxbury,2119.0,43,43,0,0.0,0.0,0.0,43,43,0.0,Rental,Private,Y,
x Savin Hill Ave,dorchester,2125.0,14,14,0,13.0,13.0,0.0,1,1,0.0,Rental,Private,,
x Savin Street,roxbury,2119.0,2,1,1,0.0,0.0,0.0,2,1,1.0,Ownership/Rental,Private,,
x Schuyler St (BuildHome),roxbury,2121.0,2,1,1,0.0,0.0,0.0,2,1,1.0,Ownership/Rental,Private,,
x Seaver Street,dorchester,2121.0,2,1,1,0.0,0.0,0.0,2,1,1.0,Ownership/Rental,Private,,
x Selden St,dorchester,2124.0,1,0,1,0.0,0.0,0.0,1,0,1.0,Ownership,Private,,
x Selden St (BuildHome),dorchester,2124.0,2,1,1,1.0,1.0,0.0,1,0,1.0,Ownership/Rental,Private,,
x Shetland St,roxbury,2119.0,57,57,0,50.0,50.0,0.0,7,7,0.0,Rental,Private,,
x Southern Ave (Johnson VUP),dorchester,2124.0,1,1,0,0.0,0.0,0.0,1,1,0.0,Rental,Private,,
x Spencer St (RDP),dorchester,2124.0,3,2,1,0.0,0.0,0.0,3,2,1.0,Ownership/Rental,Private,,
x Spencer Street,dorchester,2124.0,3,2,1,1.0,0.0,1.0,2,2,0.0,Ownership/Rental,Private,,
x Stanwood St,dorchester,2121.0,12,12,0,10.0,10.0,0.0,2,2,0.0,Rental,Private,,
x Stoughton Neighborhood Homes,dorchester,2125.0,2,1,1,0.0,0.0,0.0,2,1,1.0,Ownership/Rental,Private,,
x Stratton Street,dorchester,2124.0,3,2,1,0.0,0.0,0.0,3,2,1.0,Ownership/Rental,Private,,
x SUSSEX (RDP),roxbury,2120.0,1,0,1,0.0,0.0,0.0,1,0,1.0,Ownership,Private,,
x Sussex Street (RDP),roxbury,2120.0,1,0,1,0.0,0.0,0.0,1,0,1.0,Ownership,Private,,
x Taber St,roxbury,2119.0,45,0,45,39.0,0.0,39.0,6,0,6.0,Ownership,Private,,
x Talbot Ave,dorchester,2124.0,14,14,0,0.0,0.0,0.0,14,14,0.0,Rental,Private,,
x Talbot Ave (REO),dorchester,2124.0,4,3,1,0.0,0.0,0.0,4,3,1.0,Ownership/Rental,Private,,
x Talbot Avenue,dorchester,2124.0,7,7,0,0.0,0.0,0.0,7,7,0.0,Rental,Private,,
x Toledo Terrace,dorchester,2122.0,3,2,1,0.0,0.0,0.0,3,2,1.0,Ownership/Rental,Private,,
x Tonawanda St (Johnson VUP),dorchester,2124.0,1,1,0,0.0,0.0,0.0,1,1,0.0,Rental,Private,,
x Topliff St (REO),dorchester,2122.0,3,2,1,1.0,0.0,1.0,2,2,0.0,Ownership/Rental,Private,,
x Tremlett Street,dorchester,2124.0,2,1,1,1.0,1.0,0.0,1,0,1.0,Ownership/Rental,Private,,
x Verrill St & x 0-x 4 Ballou Ave,dorchester,2124.0,18,18,0,0.0,0.0,0.0,18,18,0.0,Rental,Private,,
x W Park St (AOP),dorchester,2124.0,3,3,0,0.0,0.0,0.0,3,3,0.0,Rental,Private,,
x Warren St. Lodging,roxbury,2121.0,21,21,0,0.0,0.0,0.0,21,21,0.0,Rental,Private,,
x Warren Street (1-4),roxbury,2119.0,3,2,1,0.0,0.0,0.0,3,2,1.0,Ownership/Rental,Private,,
x Warren Supportive Housing Phase 1 - Acquisition,roxbury,2121.0,10,10,0,0.0,0.0,0.0,10,10,0.0,Rental,Private,,
x Washington (Archer/Bonell),roxbury,2119.0,12,12,0,11.0,11.0,0.0,1,1,0.0,Rental,Private,,
x Washington [Belvidere/Dalton East Offsites],roxbury,2119.0,16,0,16,9.0,0.0,9.0,7,0,7.0,Ownership,Private,,
x Washington St AB&W Cooperative Building,dorchester,2121.0,24,24,0,0.0,0.0,0.0,24,24,0.0,Rental,Private,,
x Washington St Lodging,dorchester,2124.0,10,10,0,0.0,0.0,0.0,10,10,0.0,Rental,Private,,
x Waverly Street,roxbury,2119.0,8,8,0,0.0,0.0,0.0,8,8,0.0,Rental,Private,,
x Wayland St. Dorchester - COB,roxbury,2125.0,3,2,1,0.0,0.0,0.0,3,2,1.0,Ownership/Rental,Private,,
"x Wellesley Park, #1",dorchester,2124.0,2,1,1,1.0,0.0,1.0,1,1,0.0,Ownership/Rental,Private,,
x Wentworth St (BuildHome),dorchester,2124.0,2,1,1,1.0,1.0,0.0,1,0,1.0,Ownership/Rental,Private,,
x Westland Avenue,fenway,2115.0,20,20,0,18.0,18.0,0.0,2,2,0.0,Rental,Private,,
x Westminister Ave,roxbury,2119.0,4,0,4,0.0,0.0,0.0,4,0,4.0,Ownership,Private,,
x Wheatland Avenue,dorchester,2124.0,2,1,1,0.0,0.0,0.0,2,1,1.0,Ownership/Rental,Private,,
x Wildwood Street,dorchester,2124.0,3,3,0,0.0,0.0,0.0,3,3,0.0,Rental,Private,,
x Willow Court,dorchester,2125.0,14,0,14,12.0,0.0,12.0,2,0,2.0,Ownership,Private,,
x Winston Rd,dorchester,2126.0,6,6,0,0.0,0.0,0.0,6,6,0.0,Rental,Private,,
x Woodbine (REO),roxbury,2119.0,2,0,2,0.0,0.0,0.0,2,0,2.0,Ownership,Private,,
x Woodbine Street,roxbury,2119.0,2,1,1,0.0,0.0,0.0,2,1,1.0,Ownership/Rental,Private,,
x Woodrow Ave (James VUP),dorchester,2124.0,2,1,1,1.0,0.0,1.0,1,1,0.0,Ownership/Rental,Private,,
x Woodville,roxbury,2119.0,2,1,1,0.0,0.0,0.0,2,1,1.0,Ownership/Rental,Private,,
x Wrentham (AOP),dorchester,2124.0,12,12,0,0.0,0.0,0.0,12,12,0.0,Rental,Private,,
x x Harrishof St,roxbury,2121.0,3,2,1,0.0,0.0,0.0,3,2,1.0,Ownership/Rental,Private,,
x Zeigler Street,roxbury,2119.0,8,8,0,0.0,0.0,0.0,8,8,0.0,Rental,Private,,
xx Blue Hill Ave,roxbury,2119.0,2,2,0,0.0,0.0,0.0,2,2,0.0,Rental,Private,,
xx Bowdoin St,dorchester,2124.0,2,2,0,0.0,0.0,0.0,2,2,0.0,Rental,Public,,
xx Coleman Street,dorchester,2125.0,1,0,1,0.0,0.0,0.0,1,0,1.0,Ownership,Private,,
xx Dorchester Ave,dorchester,2124.0,6,6,0,0.0,0.0,0.0,6,6,0.0,Rental,Private,,
xx Eustis Street,roxbury,2119.0,14,14,0,0.0,0.0,0.0,14,14,0.0,Rental,Private,,
xx Huckins St,roxbury,2119.0,4,4,0,0.0,0.0,0.0,4,4,0.0,Cooperative,Private,,
xx Magnolia St,dorchester,2125.0,2,1,1,0.0,0.0,0.0,2,1,1.0,Ownership/Rental,Private,,
xx Maywood Street,roxbury,2119.0,2,1,1,0.0,0.0,0.0,2,1,1.0,Ownership/Rental,Private,,
xx Nelson Street,dorchester,2124.0,3,3,0,0.0,0.0,0.0,3,3,0.0,Rental,Private,,
xx Talbot Ave,dorchester,2124.0,13,13,0,0.0,0.0,0.0,13,13,0.0,Rental,Private,Y,
xx Wentworth St (BuildHome),dorchester,2124.0,2,1,1,1.0,1.0,0.0,1,0,1.0,Ownership/Rental,Private,,
xxx Beacon St,fenway,2215.0,45,45,0,39.0,39.0,0.0,6,6,0.0,Rental,Private,,
xxx Blue Hill Ave,roxbury,2119.0,3,2,1,0.0,0.0,0.0,3,1,2.0,Ownership/Rental,Private,,
xxx Blue Hill Avenue,dorchester,2121.0,3,3,0,0.0,0.0,0.0,3,3,0.0,Rental,Private,,
xxx Bowdoin Street,dorchester,2122.0,41,41,0,0.0,0.0,0.0,41,41,0.0,Rental,Private,,
xxx Boylston Street,fenway,2215.0,212,212,0,188.0,188.0,0.0,24,24,0.0,Rental,Private,,
xxx Clarkson St (REO),dorchester,2125.0,2,1,1,0.0,0.0,0.0,2,1,1.0,Ownership/Rental,Private,,
xxxx Beacon St,fenway,2215.0,32,32,0,28.0,28.0,0.0,4,4,0.0,Rental,Private,,
xxxx Blue Hill Avenue,roxbury,2119.0,5,0,5,0.0,0.0,0.0,5,0,5.0,Ownership,Private,,
xxxx Clarkson St (REO),dorchester,2125.0,3,2,1,0.0,0.0,0.0,3,2,1.0,Ownership/Rental,Private,,
xxxx Dorchester Ave (Rental),dorchester,2122.0,25,25,0,22.0,22.0,0.0,3,3,0.0,Rental,Private,,
xxxxx Blue Hill Ave,dorchester,2121.0,4,4,0,0.0,0.0,0.0,4,4,0.0,Rental,Public,,
xxxxx Clarkson St (REO),dorchester,2125.0,3,2,1,1.0,0.0,1.0,2,2,0.0,Ownership/Rental,Private,,
xxxxxx Washington St,dorchester,2124.0,2,2,0,0.0,0.0,0.0,2,2,0.0,Rental,Private,,
xxxxxxx Blue Hill Ave,roxbury,2119.0,10,10,0,0.0,0.0,0.0,10,10,0.0,Rental,Public,,
xxxxxxxx Blue Hill Ave,roxbury,2119.0,4,4,0,0.0,0.0,0.0,4,4,0.0,Rental,Private,,
xxxxxxxxx Washington St,roxbury,2130.0,10,0,10,9.0,0.0,9.0,1,0,1.0,Ownership,Private,,
Brownstone Apartments,south end,2118.0,75,75,0,0.0,0.0,0.0,75,75,0.0,Rental,Private,,Y
Concord Houses,south end,2118.0,181,181,0,10.0,10.0,0.0,171,171,0.0,Rental,Private,Y,
Frederick Douglass (2-44A),south end,2118.0,76,76,0,0.0,0.0,0.0,76,76,0.0,Rental,Public,Y,
Historic South End Apartments,south end,2116.0,146,146,0,0.0,0.0,0.0,146,146,0.0,Rental,Private,,Y
Langham Court,south end,2118.0,84,84,0,29.0,29.0,0.0,55,55,0.0,Rental,Private,,
Minot Hall Condominium,south end,2118.0,45,0,45,42.0,0.0,42.0,3,0,3.0,Ownership,Private,,
Rutland Square,south end,2118.0,5,5,0,0.0,0.0,0.0,5,5,0.0,Rental,Private,,
Rutland/East Springfield St (2-74),south end,2118.0,13,13,0,0.0,0.0,0.0,13,13,0.0,Rental,Public,,
South End Coop. Housing,south end,2118.0,75,75,0,2.0,2.0,0.0,73,73,0.0,Rental,Private,,
TDC III,south end,2118.0,61,61,0,46.0,46.0,0.0,15,15,0.0,Rental,Private,,
The Brownstones,south end,2116.0,35,35,0,28.0,28.0,0.0,7,7,0.0,Rental,Private,,
The Chester,south end,2118.0,17,17,0,7.0,7.0,0.0,10,10,0.0,Rental,Private,,Y
Washington Manor (2-44C),south end,2118.0,77,77,0,0.0,0.0,0.0,77,77,0.0,Rental,Public,Y,
West Newton Street (2-58),south end,2118.0,149,149,0,0.0,0.0,0.0,149,149,0.0,Rental,Public,,
x Columbus Ave Conversion,south end,2116.0,62,0,62,54.0,0.0,54.0,8,0,8.0,Ownership,Private,,
x Greenwich Park*,south end,2118.0,5,5,0,0.0,0.0,0.0,5,5,0.0,Rental,Private,,
x Harrison Ave,south end,2118.0,585,585,0,527.0,527.0,0.0,58,58,0.0,Rental,Private,,
x Harrison Ave Condos,south end,2118.0,39,0,39,36.0,0.0,36.0,3,0,3.0,Ownership,Private,,
x Harrison Avenue,south end,2118.0,4,0,4,3.0,0.0,3.0,1,0,1.0,Ownership/Rental,Private,,
xx Harrison Ave,south end,2118.0,84,0,84,34.0,0.0,34.0,50,0,50.0,Ownership,Private,,
xxx Harrison Ave,south end,2118.0,225,162,63,194.0,137.0,57.0,31,25,6.0,Ownership/Rental,Private,,
Zebra Condominium,south end,2118.0,10,7,3,7.0,7.0,0.0,3,0,3.0,Ownership/Rental,Private,,
